Species,Sex,Abd_length
AL,M,0.0463
AL,F,0.0491
AL,M,0.0509
AL,M,0.0512
AG,M,0.0544
AL,UNK,0.0544
AL,F,0.055
AL,F,0.0557
AL,F,0.0564
AL,F,0.0568
AL,M,0.0569
AL,M,0.0578
AL,M,0.0579
AL,F,0.0584
AL,M,0.0586
AG,F,0.0594
AL,M,0.0595
AL,M,0.0598
AG,M,0.0599
AL,M,0.0599
AG,F,0.0601
AG,M,0.0603
AL,M,0.0625
AL,F,0.0625
AL,F,0.0632
AL,M,0.0634
AL,F,0.0634
AL,F,0.0636
AG,M,0.0637
AL,UNK,0.0638
AL,M,0.0638
AL,F,0.064
CQ,M,0.064
AL,M,0.0642
AL,M,0.0648
AL,M,0.065
AL,F,0.065
AL,M,0.0653
AL,F,0.0654
AL,F,0.0656
AL,F,0.0657
AL,M,0.0658
AL,F,0.066
AL,M,0.0665
AL,F,0.0665
AL,F,0.0668
AL,M,0.067
AL,M,0.0671
AL,M,0.0671
AL,M,0.0672
AG,M,0.0673
AL,F,0.0675
AL,M,0.0676
AL,M,0.0676
AL,M,0.0682
AL,M,0.0682
AL,M,0.0682
AL,M,0.0683
AL,UNK,0.0683
UNK,F,0.0683
AL,M,0.0687
AL,M,0.0689
AL,M,0.069
AL,M,0.0692
AL,F,0.0693
AL,F,0.0694
AL,M,0.0694
AL,M,0.0697
AL,F,0.0697
AL,F,0.0699
AL,F,0.0701
AL,F,0.0701
AL,M,0.0701
AL,M,0.0702
AG,M,0.0704
AL,F,0.0704
AL,M,0.0704
AL,F,0.0706
AG,M,0.0708
AL,F,0.0708
AL,M,0.0708
AL,F,0.0709
AL,M,0.071
AL,M,0.0711
AL,M,0.0711
AL,M,0.0712
AL,M,0.0713
AL,M,0.0714
AL,F,0.0714
AL,M,0.0714
AL,M,0.0715
AL,M,0.0716
AL,M,0.0717
AL,M,0.0718
AG,M,0.072
AL,F,0.0721
CQ,M,0.0721
AL,M,0.0724
AL,M,0.0724
AG,F,0.0725
AL,M,0.0726
AL,UNK,0.0727
AL,F,0.0728
AL,M,0.073
AL,M,0.073
AL,F,0.073
AG,M,0.0731
AL,F,0.0731
AL,UNK,0.0731
AL,M,0.0732
AL,M,0.0732
AL,M,0.0733
AL,M,0.0733
AL,UNK,0.0734
AL,F,0.0734
AL,M,0.0735
AL,M,0.0735
AL,M,0.0735
AL,M,0.0737
AL,F,0.0738
AL,M,0.0738
AL,M,0.0739
AG,M,0.074
AL,M,0.074
AG,M,0.0741
AL,F,0.0741
AL,F,0.0742
AG,M,0.0744
AG,F,0.0744
AL,F,0.0744
AL,M,0.0744
AL,F,0.0745
AL,M,0.0745
AL,F,0.0746
AL,M,0.0747
AL,F,0.0747
AL,F,0.0748
AG,M,0.0749
AL,M,0.0751
AL,F,0.0751
AL,F,0.0751
AG,F,0.0752
AL,F,0.0752
AL,M,0.0752
AL,M,0.0753
AL,F,0.0753
AL,M,0.0753
AL,F,0.0754
AL,F,0.0755
AL,M,0.0755
AL,M,0.0757
AL,F,0.0757
AL,F,0.0757
AL,M,0.0757
AL,F,0.0758
AG,M,0.0761
AL,F,0.0762
AL,F,0.0763
AL,M,0.0764
AL,F,0.0765
AL,F,0.0767
AG,M,0.0769
AL,F,0.0769
AL,M,0.0769
AG,F,0.077
UNK,UNK,0.077
AL,F,0.0771
AL,M,0.0771
AL,M,0.0771
AL,M,0.0771
AG,M,0.0772
AL,M,0.0772
AG,F,0.0773
AL,UNK,0.0773
AL,M,0.0773
AL,M,0.0774
AL,M,0.0774
AL,M,0.0775
AL,F,0.0775
AL,M,0.0776
AL,F,0.0776
AL,M,0.0777
AL,M,0.0778
AG,M,0.0779
AL,M,0.0779
AL,M,0.0779
AL,M,0.078
AL,M,0.078
AL,F,0.0782
AL,F,0.0782
AL,F,0.0783
AL,M,0.0783
AL,F,0.0784
AG,F,0.0785
AL,M,0.0785
AL,M,0.0785
AG,F,0.0786
AL,M,0.0786
AL,F,0.0786
AL,M,0.0787
AL,M,0.0787
AL,F,0.0787
AL,M,0.0787
AL,F,0.0787
AL,F,0.0788
AL,F,0.0788
AL,F,0.0789
AL,F,0.079
AL,F,0.0791
AL,F,0.0791
AG,F,0.0792
AG,M,0.0792
AL,M,0.0792
AL,M,0.0792
AL,M,0.0792
AG,M,0.0793
AL,F,0.0793
AL,M,0.0793
AL,M,0.0794
AL,M,0.0794
AL,M,0.0794
AL,F,0.0794
AG,M,0.0795
AL,M,0.0795
AL,M,0.0796
AL,M,0.0796
AL,M,0.0797
AL,M,0.0797
AL,F,0.0797
AL,F,0.0797
AL,F,0.0797
AG,M,0.0798
AL,F,0.0798
AL,M,0.0798
AL,M,0.0798
AL,F,0.08
AL,F,0.0801
AL,M,0.0801
AL,M,0.0802
AL,F,0.0802
AL,M,0.0802
AL,M,0.0804
AL,M,0.0804
AL,F,0.0805
AL,F,0.0805
AL,M,0.0806
AL,M,0.0806
AL,M,0.0806
AL,M,0.0806
AL,M,0.0806
AG,M,0.0807
AL,M,0.0807
AL,M,0.0807
AG,F,0.0808
AL,F,0.0808
AL,F,0.0808
AL,M,0.0808
AG,M,0.0809
AL,M,0.0809
AL,F,0.0809
AL,M,0.0809
AL,F,0.081
AL,F,0.081
AL,F,0.081
AL,M,0.0811
AL,F,0.0811
AL,M,0.0811
AL,M,0.0811
AL,F,0.0812
AL,M,0.0812
AL,F,0.0812
AL,F,0.0813
AG,M,0.0814
AL,M,0.0814
AL,F,0.0814
AG,F,0.0815
AL,M,0.0815
AL,M,0.0815
AL,M,0.0815
AL,M,0.0816
AL,M,0.0816
AL,M,0.0816
AG,F,0.0817
AL,M,0.0817
AL,M,0.0817
AG,F,0.0818
AL,F,0.0818
AL,F,0.0818
AL,M,0.0818
AL,F,0.0819
AL,M,0.0819
AL,M,0.082
AL,F,0.0821
AL,M,0.0821
AL,F,0.0821
AG,M,0.0822
AG,F,0.0822
AG,M,0.0822
AL,M,0.0822
AL,M,0.0822
AL,F,0.0823
AG,M,0.0824
AL,M,0.0824
AL,M,0.0824
AL,M,0.0824
AL,F,0.0825
AL,F,0.0825
AG,F,0.0826
AL,F,0.0826
AG,M,0.0827
AL,F,0.0827
AL,M,0.0827
AG,M,0.0828
AG,M,0.0829
AL,F,0.0829
AL,M,0.0829
AL,M,0.0829
AL,F,0.0829
AL,M,0.083
AL,F,0.083
AL,F,0.083
AL,M,0.083
AG,M,0.0831
AL,M,0.0831
AL,F,0.0831
AG,M,0.0832
AG,F,0.0832
AL,M,0.0832
AL,F,0.0832
AL,M,0.0832
AL,F,0.0832
AL,F,0.0832
AG,M,0.0833
AL,M,0.0833
AL,M,0.0833
AL,M,0.0833
AL,M,0.0834
AL,F,0.0834
AL,F,0.0835
AL,M,0.0835
AL,M,0.0835
AL,M,0.0835
AL,M,0.0835
AL,M,0.0835
AL,M,0.0835
AL,M,0.0835
AL,F,0.0835
AG,M,0.0836
AG,M,0.0836
AL,F,0.0836
AL,M,0.0837
AL,M,0.0837
AL,M,0.0837
AL,M,0.0837
AL,UNK,0.0838
AL,M,0.0838
AL,M,0.0838
AL,F,0.0838
AL,M,0.0838
AL,M,0.0838
AL,F,0.0839
AL,M,0.084
AL,F,0.084
AG,M,0.0841
AL,M,0.0841
AL,M,0.0841
AL,M,0.0841
AL,F,0.0841
AL,M,0.0841
AG,M,0.0842
AG,M,0.0842
AL,F,0.0842
AL,F,0.0842
AL,M,0.0842
AL,M,0.0842
AG,F,0.0843
AL,F,0.0843
AG,F,0.0844
AG,M,0.0844
AL,F,0.0844
AL,M,0.0844
AL,M,0.0846
AG,M,0.0847
AL,F,0.0847
AL,M,0.0847
AG,M,0.0848
AL,F,0.0848
AL,M,0.0848
AL,F,0.0848
AL,UNK,0.0848
AL,F,0.0849
AL,M,0.0849
AL,F,0.0849
AG,M,0.085
AL,F,0.085
AL,F,0.085
AG,M,0.0851
AL,F,0.0851
AG,M,0.0852
AL,F,0.0852
AL,F,0.0852
AL,F,0.0852
AL,F,0.0852
AL,M,0.0852
AG,M,0.0853
AL,M,0.0853
AL,F,0.0853
AL,F,0.0853
AL,M,0.0853
AG,F,0.0854
AL,M,0.0854
AL,M,0.0854
AL,M,0.0854
AL,F,0.0854
AL,M,0.0854
AL,M,0.0854
AL,UNK,0.0855
AL,M,0.0855
AL,M,0.0855
AL,F,0.0856
AL,M,0.0856
AL,M,0.0856
AL,F,0.0856
CQ,F,0.0856
AL,M,0.0857
AL,F,0.0857
AL,M,0.0858
AL,M,0.0858
AL,M,0.0858
AL,F,0.0858
AL,M,0.0858
AG,M,0.0859
AL,M,0.0859
AL,M,0.0859
AL,M,0.0859
CQ,F,0.0859
AG,M,0.086
AL,F,0.086
AL,F,0.086
AL,F,0.086
AL,F,0.086
AG,M,0.0861
AL,M,0.0861
AL,M,0.0861
AG,M,0.0862
AL,F,0.0862
AG,F,0.0863
AL,F,0.0863
AL,M,0.0863
AL,F,0.0863
AG,M,0.0864
AL,F,0.0864
AL,M,0.0864
AL,M,0.0864
AL,M,0.0864
AG,M,0.0865
AL,M,0.0865
AL,M,0.0865
AG,M,0.0866
AL,F,0.0867
AL,F,0.0867
AL,M,0.0867
AL,F,0.0867
AL,M,0.0867
AL,F,0.0868
AL,M,0.0868
AL,M,0.0868
AL,M,0.0868
AL,M,0.0868
AG,M,0.0869
AL,M,0.0869
AL,F,0.0869
AL,M,0.087
AL,M,0.087
AL,M,0.087
AL,M,0.087
AG,M,0.0871
AL,M,0.0871
AL,F,0.0871
AL,F,0.0871
AG,M,0.0872
AL,M,0.0872
AL,M,0.0872
AL,F,0.0872
AL,M,0.0872
AL,F,0.0872
AG,M,0.0873
AL,M,0.0873
AL,M,0.0873
AL,M,0.0873
AL,M,0.0873
AL,M,0.0873
AL,F,0.0873
AG,F,0.0874
AL,F,0.0874
AL,M,0.0874
AL,M,0.0874
AL,F,0.0875
AL,F,0.0875
AL,M,0.0875
AL,F,0.0875
AL,M,0.0876
AL,M,0.0876
AL,M,0.0876
AL,M,0.0876
AG,M,0.0877
AG,M,0.0877
AG,F,0.0877
AL,M,0.0877
AL,F,0.0877
AG,F,0.0878
AL,M,0.0878
AL,F,0.0878
AL,M,0.0878
AL,M,0.0878
AL,M,0.0878
AG,M,0.0879
AG,F,0.088
AG,F,0.088
AG,F,0.088
AG,F,0.088
AL,F,0.088
AL,F,0.088
AL,M,0.088
AG,M,0.0881
AL,M,0.0881
AG,M,0.0882
AG,M,0.0882
AL,F,0.0882
AL,F,0.0882
AL,M,0.0882
AL,M,0.0882
AL,M,0.0882
AL,M,0.0883
AL,M,0.0883
AL,M,0.0883
AL,M,0.0883
AG,F,0.0884
AL,M,0.0884
AL,M,0.0884
AG,M,0.0885
AG,M,0.0885
AL,M,0.0885
AL,F,0.0885
AL,M,0.0885
AL,F,0.0885
CQ,M,0.0885
AG,M,0.0886
AG,M,0.0887
AL,M,0.0887
AL,M,0.0887
AL,F,0.0887
AL,M,0.0887
AL,M,0.0887
AL,M,0.0888
AL,M,0.0888
AG,F,0.0889
AG,M,0.0889
AG,M,0.0889
AG,M,0.0889
AL,M,0.0889
AL,M,0.0889
AL,F,0.0889
AL,F,0.0889
AL,F,0.0889
AG,M,0.089
AL,F,0.089
AL,M,0.089
AL,M,0.089
AL,M,0.089
AG,M,0.0891
AG,M,0.0891
AL,M,0.0891
AL,F,0.0891
AL,F,0.0891
AG,F,0.0892
AL,F,0.0892
AL,M,0.0892
AL,F,0.0892
AL,M,0.0892
AG,M,0.0893
AG,M,0.0893
AL,M,0.0893
AL,F,0.0893
AL,F,0.0893
AL,M,0.0893
AG,M,0.0894
AG,F,0.0894
AL,F,0.0894
AL,F,0.0894
AG,F,0.0895
AG,M,0.0895
AG,M,0.0895
AL,M,0.0895
AL,M,0.0896
AL,M,0.0896
AL,M,0.0896
AG,M,0.0897
AL,F,0.0897
AL,F,0.0897
AL,F,0.0898
AL,F,0.0898
AG,F,0.0899
AL,M,0.0899
AL,F,0.0899
AL,F,0.0899
AG,M,0.09
AG,M,0.09
AG,F,0.09
AL,M,0.09
AL,M,0.09
AL,M,0.09
AL,M,0.09
AG,F,0.0901
AG,F,0.0901
AG,M,0.0901
AL,F,0.0901
AL,F,0.0901
AL,F,0.0902
AL,M,0.0902
AL,M,0.0902
AL,M,0.0902
AL,F,0.0902
AL,M,0.0902
CQ,F,0.0902
AG,M,0.0903
AG,M,0.0903
AL,M,0.0903
AL,M,0.0903
AL,F,0.0903
AG,M,0.0904
AG,M,0.0904
AL,M,0.0904
AL,M,0.0904
AL,F,0.0904
AL,M,0.0904
AG,M,0.0905
AG,F,0.0905
AG,M,0.0906
AL,UNK,0.0906
AL,F,0.0906
CQ,F,0.0906
AG,M,0.0907
AG,M,0.0907
AL,M,0.0907
AL,M,0.0907
AL,M,0.0907
AL,M,0.0907
AL,M,0.0907
CQ,F,0.0907
AG,F,0.0908
AG,M,0.0908
AL,F,0.0908
AL,F,0.0908
CQ,F,0.0908
AG,F,0.0909
AL,F,0.0909
AL,F,0.0909
AL,M,0.0909
AL,F,0.0909
AL,M,0.0909
AL,F,0.0909
AG,M,0.091
AG,M,0.091
AL,M,0.091
AL,M,0.091
CQ,F,0.091
AG,M,0.0911
AG,M,0.0911
AG,M,0.0911
AG,M,0.0911
AL,F,0.0911
AL,M,0.0911
AL,M,0.0911
AL,F,0.0911
CQ,F,0.0911
CQ,F,0.0911
AG,M,0.0912
AG,M,0.0912
AG,M,0.0912
AL,M,0.0912
AL,F,0.0912
AG,F,0.0913
AL,F,0.0913
AL,M,0.0913
AL,M,0.0913
AL,M,0.0913
AG,M,0.0914
AG,M,0.0914
AL,M,0.0914
AL,F,0.0914
AL,M,0.0914
AL,M,0.0914
AL,F,0.0914
CQ,F,0.0914
AG,F,0.0915
AG,F,0.0915
AG,M,0.0915
AG,M,0.0915
AL,M,0.0915
AL,M,0.0915
CQ,F,0.0915
CQ,F,0.0915
AG,M,0.0916
AL,M,0.0916
AL,M,0.0916
AG,M,0.0917
AL,M,0.0917
AL,M,0.0917
AL,F,0.0917
AL,F,0.0917
AL,F,0.0917
AL,M,0.0917
AG,M,0.0918
AG,M,0.0918
AL,F,0.0918
AL,M,0.0918
AL,F,0.0918
AL,M,0.0918
AG,M,0.0919
AG,M,0.0919
AL,F,0.0919
AL,F,0.0919
AL,M,0.0919
AL,F,0.0919
AL,F,0.0919
AL,M,0.0919
AL,M,0.0919
AL,F,0.0919
AL,F,0.0919
AG,M,0.092
AL,M,0.092
AL,M,0.092
AL,F,0.092
AG,F,0.0921
AL,M,0.0921
AL,M,0.0921
AL,M,0.0921
AG,M,0.0922
AL,F,0.0922
AL,F,0.0922
AL,M,0.0922
AG,M,0.0923
AG,M,0.0923
AG,M,0.0923
AG,M,0.0923
AL,M,0.0923
AL,F,0.0923
AL,M,0.0923
AG,F,0.0924
AL,M,0.0924
AL,F,0.0924
AL,M,0.0924
AL,F,0.0924
AL,F,0.0924
AG,F,0.0925
AL,M,0.0925
AL,F,0.0925
AL,M,0.0925
AL,F,0.0925
AL,F,0.0925
AL,F,0.0925
AG,F,0.0926
AG,M,0.0926
AL,F,0.0926
AL,F,0.0926
AL,F,0.0926
AL,F,0.0926
AG,M,0.0927
AG,M,0.0927
AL,F,0.0927
AL,F,0.0927
AL,M,0.0927
AG,M,0.0928
AG,M,0.0928
AL,F,0.0928
AL,M,0.0928
AL,M,0.0928
AL,F,0.0928
AL,F,0.0928
AG,F,0.0929
AG,M,0.0929
AG,M,0.0929
AG,F,0.0929
AL,F,0.0929
AL,M,0.0929
AL,M,0.0929
AL,M,0.0929
AL,F,0.0929
AL,M,0.0929
AG,M,0.093
AG,M,0.093
AG,M,0.093
AL,F,0.093
AL,M,0.093
AL,M,0.093
CQ,F,0.093
AG,M,0.0931
AG,M,0.0931
AG,M,0.0931
AL,M,0.0931
AL,M,0.0931
AG,F,0.0932
AL,M,0.0932
AL,M,0.0932
AL,M,0.0932
AL,M,0.0932
AL,M,0.0932
CQ,F,0.0932
AG,F,0.0933
AG,M,0.0933
AG,F,0.0933
AG,M,0.0933
AL,F,0.0933
AL,M,0.0933
AL,F,0.0933
AG,F,0.0934
AG,M,0.0934
AG,M,0.0934
CQ,F,0.0934
AG,M,0.0935
AL,M,0.0935
AL,M,0.0935
AG,F,0.0936
AG,M,0.0936
AG,M,0.0936
AG,M,0.0936
AL,M,0.0936
AL,M,0.0936
AG,M,0.0937
AG,F,0.0937
AG,M,0.0937
AL,M,0.0937
AL,F,0.0937
AL,F,0.0937
AL,M,0.0937
AL,M,0.0937
AG,M,0.0938
AG,M,0.0938
AG,M,0.0938
AG,M,0.0938
AG,M,0.0938
AL,F,0.0938
AL,M,0.0938
AL,M,0.0938
AL,M,0.0938
AL,F,0.0938
AL,F,0.0938
CQ,M,0.0938
AG,M,0.0939
AG,M,0.0939
AG,F,0.0939
AG,M,0.0939
AG,F,0.0939
AL,M,0.0939
AL,F,0.0939
AL,M,0.0939
AL,M,0.0939
AL,F,0.0939
AL,M,0.0939
CQ,F,0.0939
CQ,F,0.0939
AG,M,0.094
AG,F,0.094
AL,F,0.094
AL,F,0.094
AL,M,0.094
AL,M,0.094
AG,F,0.0941
AG,M,0.0941
AL,M,0.0941
AL,M,0.0941
AL,F,0.0941
AL,F,0.0941
AL,M,0.0941
AL,F,0.0941
AG,M,0.0942
AG,F,0.0942
AG,M,0.0942
AG,M,0.0942
AL,M,0.0942
AL,F,0.0942
AL,F,0.0942
AL,M,0.0942
AL,M,0.0942
AG,M,0.0943
AG,M,0.0943
AL,F,0.0943
AL,M,0.0943
AL,M,0.0943
AL,F,0.0943
AL,M,0.0943
AG,M,0.0944
AG,M,0.0944
AG,M,0.0944
AG,F,0.0944
AL,M,0.0944
AL,M,0.0944
AG,M,0.0945
AG,M,0.0945
AG,M,0.0945
AL,M,0.0945
AL,M,0.0945
AL,F,0.0945
AL,M,0.0945
AL,M,0.0945
AL,M,0.0945
AG,F,0.0946
AL,M,0.0946
AL,F,0.0946
AL,M,0.0946
AG,F,0.0947
AG,M,0.0947
AG,M,0.0947
AG,M,0.0947
AL,F,0.0947
AL,M,0.0947
AL,M,0.0947
AL,F,0.0947
AL,M,0.0947
AG,M,0.0948
AG,M,0.0948
AL,M,0.0948
AL,F,0.0948
AL,M,0.0948
CQ,F,0.0948
AG,M,0.0949
AG,M,0.0949
AG,M,0.0949
AG,M,0.0949
AG,M,0.0949
AG,M,0.095
AG,F,0.095
AG,M,0.095
AG,F,0.095
AG,M,0.095
AG,M,0.095
AL,F,0.095
AL,M,0.095
AL,F,0.095
AL,M,0.095
AL,M,0.095
AG,F,0.0951
AG,F,0.0951
AG,F,0.0951
AG,M,0.0951
AG,M,0.0951
AG,M,0.0951
AL,F,0.0951
AL,F,0.0951
AL,F,0.0951
AL,M,0.0951
AL,M,0.0951
AL,F,0.0951
AL,F,0.0951
AL,F,0.0951
AL,F,0.0951
AL,F,0.0951
AG,M,0.0952
AG,M,0.0952
AL,M,0.0952
AL,M,0.0952
AL,F,0.0952
CQ,F,0.0952
AG,M,0.0953
AG,F,0.0953
AG,F,0.0953
AG,M,0.0953
AL,M,0.0953
AL,M,0.0953
AL,F,0.0953
AG,F,0.0954
AG,M,0.0954
AG,M,0.0954
AG,M,0.0954
AG,M,0.0954
AG,M,0.0954
AG,M,0.0954
AL,F,0.0954
AL,M,0.0954
AL,M,0.0954
AL,M,0.0954
AG,M,0.0955
AG,M,0.0955
AG,M,0.0955
AL,M,0.0955
AL,M,0.0955
AG,M,0.0956
AG,M,0.0956
AG,F,0.0956
AG,F,0.0956
AG,F,0.0956
AL,M,0.0956
AL,F,0.0956
AL,M,0.0956
AG,M,0.0957
AG,M,0.0957
AG,M,0.0957
AG,M,0.0957
AL,M,0.0957
AL,F,0.0957
AG,M,0.0958
AG,M,0.0958
AG,M,0.0958
AG,F,0.0958
AL,F,0.0958
AL,M,0.0958
AL,F,0.0958
AL,M,0.0958
AL,M,0.0958
AL,M,0.0958
AG,M,0.0959
AL,M,0.0959
AL,M,0.0959
AL,UNK,0.0959
CQ,M,0.0959
CQ,F,0.0959
AG,M,0.096
AG,F,0.096
AG,M,0.096
AL,F,0.096
AL,M,0.096
AL,F,0.096
AL,M,0.096
AL,F,0.096
AL,M,0.096
AG,M,0.0961
AG,M,0.0961
AG,M,0.0961
AL,UNK,0.0961
AL,M,0.0961
AL,M,0.0961
AL,M,0.0961
AL,M,0.0961
CQ,M,0.0961
AG,M,0.0962
AG,M,0.0962
AG,F,0.0962
AG,M,0.0962
AG,F,0.0962
AG,M,0.0962
AL,F,0.0962
AL,F,0.0962
AL,M,0.0962
CQ,F,0.0962
AG,F,0.0963
AG,M,0.0963
AG,M,0.0963
AG,F,0.0963
AG,M,0.0963
AG,F,0.0963
AL,M,0.0963
AL,F,0.0963
AL,M,0.0963
AG,F,0.0964
AG,F,0.0964
AG,M,0.0964
AG,M,0.0964
AL,M,0.0964
AL,F,0.0964
AL,F,0.0964
AL,F,0.0964
AL,F,0.0964
AL,M,0.0964
CQ,F,0.0964
AG,F,0.0965
AG,F,0.0965
AG,M,0.0965
AG,M,0.0965
AG,F,0.0965
AG,M,0.0965
AL,F,0.0965
AG,F,0.0966
AG,M,0.0966
AG,F,0.0966
AG,M,0.0966
AL,M,0.0966
AL,F,0.0966
AL,M,0.0966
AL,F,0.0966
AG,M,0.0967
AG,F,0.0967
AG,M,0.0967
AL,F,0.0967
AL,M,0.0967
AL,F,0.0968
AL,M,0.0968
AL,M,0.0968
AL,F,0.0968
AL,F,0.0968
AL,F,0.0968
AG,M,0.0969
AG,M,0.0969
AL,F,0.0969
AL,M,0.0969
CQ,F,0.0969
AG,F,0.097
AG,F,0.097
AL,F,0.097
AL,M,0.097
AL,M,0.097
AL,M,0.097
AG,F,0.0971
AG,M,0.0971
AG,F,0.0971
AG,M,0.0971
AG,M,0.0971
AG,M,0.0971
CQ,F,0.0971
AG,F,0.0972
AG,M,0.0972
AG,M,0.0972
AL,M,0.0972
AL,M,0.0972
AL,M,0.0972
AL,M,0.0972
AG,M,0.0973
AG,M,0.0973
AG,M,0.0973
AG,F,0.0973
AL,M,0.0973
AL,F,0.0973
AL,M,0.0973
AL,M,0.0973
CQ,M,0.0973
CQ,M,0.0973
AG,M,0.0974
AG,F,0.0974
AL,M,0.0974
AL,F,0.0974
AL,F,0.0974
AL,M,0.0974
AL,M,0.0974
AL,M,0.0974
AL,F,0.0974
AL,F,0.0974
AG,F,0.0975
AG,M,0.0975
AG,F,0.0975
AG,F,0.0975
AG,F,0.0975
AG,F,0.0975
AL,M,0.0975
AL,M,0.0975
AL,M,0.0975
AL,M,0.0975
AL,M,0.0975
AL,F,0.0975
AG,F,0.0976
AG,F,0.0976
AG,M,0.0976
AG,M,0.0976
AG,M,0.0976
AG,M,0.0976
AG,F,0.0976
AG,M,0.0976
AL,M,0.0976
AL,M,0.0976
AL,M,0.0976
AL,M,0.0976
AL,M,0.0976
AG,M,0.0977
AG,F,0.0977
AG,M,0.0977
AG,M,0.0977
AG,M,0.0977
AL,F,0.0977
AL,M,0.0977
AL,M,0.0977
AL,F,0.0977
AG,M,0.0978
AG,F,0.0978
AL,M,0.0978
AL,M,0.0978
AG,M,0.0979
AG,F,0.0979
AG,F,0.0979
AG,M,0.0979
AG,M,0.0979
AL,F,0.0979
AL,F,0.0979
AL,M,0.0979
AL,M,0.0979
AG,M,0.098
AG,F,0.098
AG,M,0.098
AG,F,0.098
AG,F,0.098
AG,M,0.098
AL,M,0.098
AL,M,0.098
AL,F,0.098
CQ,F,0.098
AG,M,0.0981
AG,F,0.0981
AG,F,0.0981
AL,M,0.0981
AL,F,0.0981
CQ,M,0.0981
CQ,F,0.0981
CQ,F,0.0981
AG,M,0.0982
AG,M,0.0982
AG,M,0.0982
AG,F,0.0982
AL,F,0.0982
AL,M,0.0982
AG,M,0.0983
AG,F,0.0983
AL,M,0.0983
CQ,M,0.0983
AG,M,0.0984
AG,F,0.0984
AG,F,0.0984
AG,M,0.0984
AL,M,0.0984
CQ,F,0.0984
AG,M,0.0985
AG,M,0.0985
AG,F,0.0985
AG,M,0.0985
AL,F,0.0985
AL,M,0.0985
AL,F,0.0985
AL,M,0.0985
CQ,F,0.0985
AG,M,0.0986
AG,M,0.0986
AG,M,0.0986
AG,M,0.0986
AL,F,0.0986
AL,M,0.0986
AL,F,0.0986
AL,F,0.0986
AG,M,0.0987
AG,F,0.0987
AG,M,0.0987
AL,M,0.0987
AL,F,0.0987
AL,F,0.0987
AG,M,0.0988
AG,UNK,0.0988
AG,F,0.0988
AG,M,0.0988
AL,F,0.0988
AL,F,0.0988
AL,F,0.0988
AL,M,0.0988
AL,F,0.0988
AL,M,0.0988
AL,F,0.0988
AL,F,0.0988
AG,M,0.0989
AG,M,0.0989
AG,F,0.0989
AL,F,0.0989
AL,M,0.0989
AL,M,0.0989
CQ,UNK,0.0989
CQ,F,0.0989
AG,M,0.099
AG,F,0.099
AG,F,0.099
AG,M,0.099
AG,F,0.099
AG,M,0.099
AL,F,0.099
AL,F,0.099
AL,F,0.099
AL,F,0.099
AL,M,0.099
CQ,F,0.099
CQ,F,0.099
CQ,F,0.099
AG,M,0.0991
AG,M,0.0991
AG,M,0.0991
AG,M,0.0991
AL,M,0.0991
AL,M,0.0991
AL,M,0.0991
AL,M,0.0991
AL,M,0.0991
CQ,F,0.0991
AG,F,0.0992
AG,M,0.0992
AG,M,0.0992
AG,M,0.0992
AG,M,0.0992
AG,M,0.0992
AG,F,0.0992
AL,M,0.0992
AL,M,0.0992
AL,F,0.0992
AL,F,0.0992
AL,M,0.0992
AL,F,0.0992
AL,M,0.0992
AG,M,0.0993
AG,F,0.0993
AL,M,0.0993
AL,M,0.0993
AL,M,0.0993
AL,F,0.0993
CQ,F,0.0993
AG,M,0.0994
AG,F,0.0994
AG,M,0.0994
AG,M,0.0994
AG,M,0.0994
AG,M,0.0994
AL,M,0.0994
AL,M,0.0994
AL,M,0.0994
AL,F,0.0994
AL,F,0.0994
CQ,M,0.0994
CQ,M,0.0994
AG,M,0.0995
AG,M,0.0995
AG,F,0.0995
AG,F,0.0995
AG,F,0.0995
AG,F,0.0995
AG,M,0.0995
AL,M,0.0995
AL,F,0.0995
AL,M,0.0995
AG,M,0.0996
AG,M,0.0996
AG,F,0.0996
AG,M,0.0996
AG,M,0.0996
AL,M,0.0996
AL,M,0.0996
AL,F,0.0996
AL,M,0.0996
AL,M,0.0996
AG,F,0.0997
AG,F,0.0997
AG,F,0.0997
AG,M,0.0997
AL,M,0.0997
AL,M,0.0997
AL,F,0.0997
AL,F,0.0997
AG,M,0.0998
AG,M,0.0998
AG,M,0.0998
AL,M,0.0998
AL,F,0.0998
AL,M,0.0998
AL,M,0.0998
AL,M,0.0998
AL,F,0.0998
AL,M,0.0998
AL,M,0.0998
AG,M,0.0999
AG,M,0.0999
AG,F,0.0999
AG,F,0.0999
AG,M,0.0999
AL,F,0.0999
AL,M,0.0999
AL,M,0.0999
AL,M,0.0999
AG,M,0.1
AG,M,0.1
AG,M,0.1
AG,M,0.1
AG,M,0.1
AG,M,0.1
AL,F,0.1
AL,M,0.1
AL,F,0.1
AL,M,0.1
AL,M,0.1
CQ,F,0.1
CQ,F,0.1
AG,F,0.1001
AG,M,0.1001
AG,M,0.1001
AG,F,0.1001
AG,F,0.1001
AG,M,0.1001
AL,M,0.1001
AL,F,0.1001
AL,M,0.1001
AL,F,0.1001
AL,F,0.1001
CQ,F,0.1001
AG,M,0.1002
AG,M,0.1002
AG,M,0.1002
AL,M,0.1002
CQ,M,0.1002
CQ,M,0.1002
CQ,M,0.1002
CQ,F,0.1002
AG,F,0.1003
AG,M,0.1003
AL,M,0.1003
AL,M,0.1003
CQ,F,0.1003
CQ,F,0.1003
CQ,UNK,0.1003
AG,M,0.1004
AG,M,0.1004
AG,M,0.1004
AG,M,0.1004
AG,M,0.1004
AG,F,0.1004
AG,M,0.1004
AL,F,0.1004
AL,M,0.1004
AL,M,0.1004
CQ,M,0.1004
CQ,F,0.1004
AG,F,0.1005
AG,M,0.1005
AL,M,0.1005
AL,M,0.1005
AL,M,0.1005
AL,F,0.1005
AL,M,0.1005
AL,M,0.1005
CQ,M,0.1005
AG,M,0.1006
AG,M,0.1006
AG,M,0.1006
AG,M,0.1006
AL,F,0.1006
AL,M,0.1006
AL,M,0.1006
CQ,F,0.1006
AG,F,0.1007
AG,M,0.1007
AG,M,0.1007
AG,M,0.1007
AG,M,0.1007
AL,M,0.1007
AL,M,0.1007
AL,M,0.1007
CQ,F,0.1007
CQ,F,0.1007
CQ,F,0.1007
AG,M,0.1008
AG,M,0.1008
AG,F,0.1008
AL,F,0.1008
AL,M,0.1008
AL,F,0.1008
AL,M,0.1008
CQ,F,0.1008
CQ,F,0.1008
CQ,F,0.1008
AG,M,0.1009
AG,M,0.1009
AG,F,0.1009
AG,M,0.1009
AL,M,0.1009
AL,M,0.1009
AL,M,0.1009
AL,F,0.1009
AL,F,0.1009
AL,M,0.1009
CQ,M,0.1009
AG,M,0.101
AG,M,0.101
AG,M,0.101
AG,F,0.101
AG,F,0.101
AG,F,0.101
AL,M,0.101
AL,F,0.101
AL,M,0.101
AL,M,0.101
AL,F,0.101
AL,M,0.101
AL,F,0.101
AL,F,0.101
AL,F,0.101
AL,M,0.101
CQ,M,0.101
AG,M,0.1011
AG,F,0.1011
AG,M,0.1011
AG,F,0.1011
AG,F,0.1011
AL,M,0.1011
AL,F,0.1011
AL,F,0.1011
AL,F,0.1011
AL,M,0.1011
AL,F,0.1011
AL,M,0.1011
CQ,M,0.1011
AG,M,0.1012
AG,F,0.1012
AG,M,0.1012
AG,F,0.1012
CQ,F,0.1012
CQ,F,0.1012
CQ,F,0.1012
AG,F,0.1013
AG,F,0.1013
AG,M,0.1013
AG,M,0.1013
AG,M,0.1013
AL,F,0.1013
AL,M,0.1013
AL,M,0.1013
AL,F,0.1013
AL,M,0.1013
AL,M,0.1013
AG,M,0.1014
AG,M,0.1014
AG,M,0.1014
AG,F,0.1014
AL,M,0.1014
AL,M,0.1014
AL,M,0.1014
AL,F,0.1014
AL,M,0.1014
AL,M,0.1014
CQ,F,0.1014
AG,M,0.1015
AG,M,0.1015
AG,M,0.1015
AG,M,0.1015
AG,M,0.1015
AG,F,0.1015
AG,M,0.1015
AG,F,0.1015
AL,UNK,0.1015
AL,F,0.1015
AL,M,0.1015
AL,M,0.1015
CQ,M,0.1015
CQ,F,0.1015
AG,F,0.1016
AG,M,0.1016
CQ,F,0.1016
CQ,M,0.1016
CQ,F,0.1016
AG,M,0.1017
AG,M,0.1017
AG,F,0.1017
AG,F,0.1017
AG,M,0.1017
AG,M,0.1017
AG,M,0.1017
AG,F,0.1017
AL,F,0.1017
AL,M,0.1017
AL,F,0.1017
AL,F,0.1017
AL,M,0.1017
AG,M,0.1018
AG,M,0.1018
AG,M,0.1018
AG,F,0.1018
AG,F,0.1018
AG,M,0.1018
AG,F,0.1018
AG,M,0.1018
AL,M,0.1018
AL,M,0.1018
AL,F,0.1018
AL,M,0.1018
AL,M,0.1018
CQ,F,0.1018
AG,M,0.1019
AG,F,0.1019
AG,F,0.1019
AG,M,0.1019
AG,F,0.1019
AL,F,0.1019
CQ,F,0.1019
CQ,F,0.1019
CQ,F,0.1019
CQ,F,0.1019
AG,F,0.102
AG,M,0.102
AG,F,0.102
AG,M,0.102
AG,M,0.102
AG,F,0.102
AG,F,0.102
AL,M,0.102
AL,F,0.102
AL,M,0.102
AL,F,0.102
AL,M,0.102
AL,M,0.102
CQ,M,0.102
AG,M,0.1021
AG,M,0.1021
AG,F,0.1021
AG,M,0.1021
AL,F,0.1021
AL,F,0.1021
AL,M,0.1021
CQ,M,0.1021
CQ,M,0.1021
AG,F,0.1022
AG,M,0.1022
AG,M,0.1022
AG,F,0.1022
AG,F,0.1022
AG,F,0.1022
AG,M,0.1022
AG,M,0.1022
AG,F,0.1022
AL,M,0.1022
AL,M,0.1022
AL,F,0.1022
AL,M,0.1022
CQ,M,0.1022
AG,M,0.1023
AG,M,0.1023
AG,M,0.1023
AG,M,0.1023
AG,M,0.1023
AG,F,0.1023
AL,M,0.1023
AL,F,0.1023
AL,F,0.1023
AG,M,0.1024
AG,M,0.1024
AG,M,0.1024
AG,F,0.1024
AL,M,0.1024
AL,M,0.1024
AL,F,0.1024
AL,M,0.1024
AL,M,0.1024
CQ,F,0.1024
CQ,F,0.1024
AG,F,0.1025
AG,M,0.1025
AG,M,0.1025
AG,M,0.1025
AG,F,0.1025
AG,M,0.1025
AG,M,0.1025
AG,M,0.1025
AL,M,0.1025
AL,M,0.1025
AL,M,0.1025
AL,M,0.1025
AL,F,0.1025
CQ,F,0.1025
AG,M,0.1026
AG,M,0.1026
AG,M,0.1026
AG,F,0.1026
AL,M,0.1026
CQ,F,0.1026
AG,M,0.1027
AG,F,0.1027
AG,F,0.1027
AG,F,0.1027
AG,M,0.1027
AG,M,0.1027
AL,F,0.1027
AL,F,0.1027
AL,M,0.1027
AL,F,0.1027
AG,M,0.1028
AG,M,0.1028
AG,M,0.1028
AG,M,0.1028
AL,M,0.1028
AL,UNK,0.1028
AL,M,0.1028
AL,M,0.1028
CQ,M,0.1028
AG,M,0.1029
AG,F,0.1029
AG,M,0.1029
AL,M,0.1029
AL,M,0.1029
CQ,M,0.1029
CQ,M,0.1029
AG,M,0.103
AG,M,0.103
AG,M,0.103
AG,M,0.103
AG,M,0.103
AG,M,0.103
AL,M,0.103
AL,M,0.103
CQ,M,0.103
CQ,F,0.103
CQ,M,0.103
AG,F,0.1031
AG,M,0.1031
AG,M,0.1031
AG,M,0.1031
AG,M,0.1031
AG,M,0.1031
AL,M,0.1031
AL,M,0.1031
CQ,F,0.1031
CQ,F,0.1031
AG,F,0.1032
AG,F,0.1032
AG,F,0.1032
AG,M,0.1032
AG,M,0.1032
AG,F,0.1032
AG,F,0.1032
AG,F,0.1032
AG,M,0.1032
AG,M,0.1032
AG,F,0.1032
AL,M,0.1032
AL,F,0.1032
AL,M,0.1032
AL,M,0.1032
AL,M,0.1032
CQ,M,0.1032
CQ,F,0.1032
AG,F,0.1033
AG,F,0.1033
AL,F,0.1033
CQ,M,0.1033
CQ,F,0.1033
AG,F,0.1034
AG,M,0.1034
AL,F,0.1034
AL,M,0.1034
AL,M,0.1034
AL,F,0.1034
CQ,M,0.1034
CQ,F,0.1034
AG,M,0.1035
AG,M,0.1035
AG,M,0.1035
AG,M,0.1035
AL,M,0.1035
CQ,F,0.1035
AG,M,0.1036
AG,M,0.1036
AG,M,0.1036
AG,F,0.1036
AL,M,0.1036
AG,F,0.1037
AG,M,0.1037
AL,F,0.1037
AL,M,0.1037
AL,M,0.1037
AL,M,0.1037
AG,M,0.1038
AG,M,0.1038
AG,M,0.1038
AL,M,0.1038
CQ,F,0.1038
CQ,M,0.1038
CQ,M,0.1038
CQ,F,0.1038
AG,M,0.1039
AG,M,0.1039
AL,F,0.1039
AL,M,0.1039
AL,M,0.1039
AL,M,0.1039
AL,M,0.1039
CQ,F,0.1039
AG,F,0.104
AG,F,0.104
AG,M,0.104
AG,M,0.104
AG,M,0.104
AG,F,0.104
AG,M,0.104
AL,F,0.104
AL,M,0.104
AL,M,0.104
AL,F,0.104
AG,F,0.1041
AG,M,0.1041
AG,F,0.1041
AG,M,0.1041
AL,M,0.1041
AL,F,0.1041
AL,M,0.1041
AL,M,0.1041
CQ,M,0.1041
CQ,M,0.1041
AG,F,0.1042
AG,F,0.1042
AG,M,0.1042
AG,F,0.1042
AG,M,0.1042
AG,M,0.1042
AG,M,0.1042
AG,M,0.1042
AG,F,0.1042
AG,M,0.1042
AL,M,0.1042
AL,M,0.1042
AL,M,0.1042
AL,M,0.1042
CQ,M,0.1042
CQ,F,0.1042
CQ,M,0.1042
CQ,M,0.1042
AG,M,0.1043
AG,M,0.1043
AG,F,0.1043
AG,M,0.1043
AG,F,0.1043
AL,M,0.1043
AL,M,0.1043
AL,F,0.1043
CQ,M,0.1043
CQ,F,0.1043
CQ,M,0.1043
CQ,F,0.1043
AG,M,0.1044
AG,M,0.1044
AG,F,0.1044
AL,M,0.1044
AL,M,0.1044
AL,M,0.1044
AL,M,0.1044
AL,F,0.1044
AL,F,0.1044
CQ,F,0.1044
CQ,M,0.1044
AG,F,0.1045
AG,F,0.1045
AL,M,0.1045
AL,F,0.1045
AL,M,0.1045
AL,M,0.1045
AL,M,0.1045
CQ,F,0.1045
CQ,F,0.1045
AG,F,0.1046
AG,F,0.1046
AG,F,0.1046
AG,M,0.1046
AG,F,0.1046
AL,F,0.1046
AL,M,0.1046
AL,M,0.1046
AL,F,0.1046
AL,M,0.1046
AL,M,0.1046
AL,F,0.1046
CQ,F,0.1046
AG,F,0.1047
AG,M,0.1047
AG,F,0.1047
AG,F,0.1047
AL,F,0.1047
AL,M,0.1047
AG,F,0.1048
AG,M,0.1048
AG,M,0.1048
AL,M,0.1048
AL,M,0.1048
AL,F,0.1048
AG,M,0.1049
AG,M,0.1049
AL,M,0.1049
AL,M,0.1049
AL,F,0.1049
CQ,F,0.1049
CQ,F,0.1049
CQ,M,0.1049
CQ,F,0.1049
AG,M,0.105
AG,F,0.105
AG,F,0.105
AG,F,0.105
AG,M,0.105
AG,M,0.105
AL,M,0.105
AL,F,0.105
AL,M,0.105
AL,M,0.105
AL,M,0.105
AL,M,0.105
CQ,M,0.105
AG,M,0.1051
AG,F,0.1051
AG,F,0.1051
AL,M,0.1051
AL,M,0.1051
AL,F,0.1051
CQ,M,0.1051
CQ,M,0.1051
AG,M,0.1052
AG,M,0.1052
AG,M,0.1052
AG,M,0.1052
AG,M,0.1052
AG,F,0.1052
AG,F,0.1052
AL,M,0.1052
AL,M,0.1052
AL,M,0.1052
AL,M,0.1052
CQ,F,0.1052
CQ,F,0.1052
CQ,UNK,0.1052
AG,M,0.1053
AG,M,0.1053
AG,M,0.1053
AG,F,0.1053
AL,M,0.1053
AL,M,0.1053
AL,M,0.1053
AL,F,0.1053
AL,M,0.1053
AL,F,0.1053
AL,M,0.1053
AL,F,0.1053
CQ,F,0.1053
CQ,F,0.1053
AG,M,0.1054
AG,M,0.1054
AG,M,0.1054
AG,F,0.1054
AG,F,0.1054
AL,F,0.1054
AL,M,0.1054
AL,M,0.1054
AL,F,0.1054
CQ,F,0.1054
CQ,F,0.1054
AG,M,0.1055
AG,F,0.1055
AG,F,0.1055
AL,M,0.1055
CQ,F,0.1055
CQ,F,0.1055
AG,M,0.1056
AG,M,0.1056
AG,F,0.1056
AG,F,0.1056
AG,F,0.1056
CQ,M,0.1056
AG,M,0.1057
AG,M,0.1057
AG,M,0.1057
AL,M,0.1057
AL,M,0.1057
AL,F,0.1057
AL,F,0.1057
AL,F,0.1057
CQ,M,0.1057
CQ,M,0.1057
CQ,F,0.1057
AG,M,0.1058
AG,F,0.1058
AG,M,0.1058
AG,M,0.1058
AG,M,0.1058
AG,M,0.1058
AG,M,0.1058
AL,M,0.1058
AL,M,0.1058
CQ,F,0.1058
CQ,M,0.1058
CQ,M,0.1058
AG,M,0.1059
AG,M,0.1059
AG,M,0.1059
AL,F,0.1059
CQ,F,0.1059
CQ,F,0.1059
AG,M,0.106
AG,M,0.106
AG,M,0.106
AG,M,0.106
AG,M,0.106
AG,M,0.106
AG,M,0.106
AG,F,0.106
AG,M,0.106
AG,M,0.106
AG,M,0.106
AL,F,0.106
AL,M,0.106
AL,M,0.106
AL,M,0.106
AL,M,0.106
AL,M,0.106
AL,M,0.106
AL,M,0.106
CQ,M,0.106
AG,M,0.1061
AG,F,0.1061
AL,M,0.1061
AL,M,0.1061
AL,F,0.1061
AL,M,0.1061
CQ,F,0.1061
CQ,F,0.1061
AG,M,0.1062
AG,M,0.1062
AG,F,0.1062
AL,M,0.1062
AL,M,0.1062
AL,M,0.1062
CQ,M,0.1062
AG,F,0.1063
AG,M,0.1063
AG,F,0.1063
AG,M,0.1063
AG,M,0.1063
AG,F,0.1063
AL,M,0.1063
AL,F,0.1063
AL,M,0.1063
AL,F,0.1063
CQ,M,0.1063
AG,F,0.1064
AG,M,0.1064
AG,M,0.1064
AL,F,0.1064
AL,F,0.1064
AL,M,0.1064
AL,M,0.1064
AL,M,0.1064
AL,M,0.1064
CQ,M,0.1064
CQ,F,0.1064
AG,M,0.1065
AG,M,0.1065
AG,M,0.1065
AG,M,0.1065
AG,M,0.1065
AG,M,0.1065
AL,M,0.1065
AL,F,0.1065
CQ,M,0.1065
CQ,M,0.1065
CQ,M,0.1065
AG,M,0.1066
AG,M,0.1066
AG,F,0.1066
AG,M,0.1066
AL,M,0.1066
CQ,M,0.1066
AG,M,0.1067
AG,M,0.1067
AG,M,0.1067
AG,F,0.1067
AG,M,0.1067
AG,M,0.1067
AL,F,0.1067
CQ,M,0.1067
CQ,M,0.1067
CQ,M,0.1067
AG,F,0.1068
AG,F,0.1068
AG,M,0.1068
AG,F,0.1068
AG,F,0.1068
AL,M,0.1068
AL,F,0.1068
AL,F,0.1068
AL,M,0.1068
AL,F,0.1068
AL,F,0.1068
CQ,F,0.1068
CQ,F,0.1068
CQ,M,0.1068
AG,M,0.1069
AG,M,0.1069
AG,F,0.1069
AG,M,0.1069
AG,M,0.1069
AG,M,0.1069
AG,M,0.1069
AG,F,0.1069
AG,F,0.1069
AL,M,0.1069
AL,F,0.1069
AL,F,0.1069
AL,M,0.1069
AL,M,0.1069
AG,F,0.107
AG,F,0.107
AL,M,0.107
AL,M,0.107
AL,M,0.107
CQ,M,0.107
AG,M,0.1071
AG,F,0.1071
AG,M,0.1071
AG,M,0.1071
AL,M,0.1071
AL,M,0.1071
AL,F,0.1071
AL,M,0.1071
AG,M,0.1072
AG,F,0.1072
AG,M,0.1072
AG,F,0.1072
AG,F,0.1072
AL,M,0.1072
CQ,M,0.1072
CQ,F,0.1072
CQ,F,0.1072
CQ,F,0.1072
CQ,F,0.1072
CQ,M,0.1072
AG,M,0.1073
AG,F,0.1073
AG,F,0.1073
AL,F,0.1073
AL,M,0.1073
AL,M,0.1073
CQ,F,0.1073
AG,F,0.1074
AG,M,0.1074
AG,M,0.1074
AG,F,0.1074
AL,M,0.1074
AL,M,0.1074
AL,M,0.1074
AL,M,0.1074
AL,M,0.1074
AL,F,0.1074
AL,M,0.1074
CQ,F,0.1074
CQ,F,0.1074
CQ,M,0.1074
AG,M,0.1075
AL,M,0.1075
AL,M,0.1075
CQ,M,0.1075
AG,F,0.1076
AG,M,0.1076
AG,M,0.1076
AL,M,0.1076
AL,M,0.1076
AL,F,0.1076
AL,M,0.1076
CQ,F,0.1076
CQ,F,0.1076
AG,M,0.1077
AG,F,0.1077
AG,F,0.1077
AG,M,0.1077
AL,F,0.1077
AL,F,0.1077
AL,F,0.1077
AL,M,0.1077
AL,M,0.1077
AL,M,0.1077
AL,M,0.1077
AL,M,0.1077
CQ,M,0.1077
CQ,F,0.1077
CQ,M,0.1077
AG,M,0.1078
AG,F,0.1078
AG,M,0.1078
AG,F,0.1078
AG,M,0.1078
AL,M,0.1078
AL,F,0.1078
AL,M,0.1078
AL,F,0.1078
AL,M,0.1078
AL,F,0.1078
AL,M,0.1078
AG,M,0.1079
AG,F,0.1079
AL,M,0.1079
AL,M,0.1079
AL,M,0.1079
CQ,M,0.1079
AG,F,0.108
AG,F,0.108
AG,M,0.108
AG,F,0.108
AG,M,0.108
AL,M,0.108
AL,M,0.108
AL,M,0.108
AL,M,0.108
AL,M,0.108
AL,M,0.108
AL,M,0.108
AG,F,0.1081
AG,M,0.1081
AG,M,0.1081
AL,F,0.1081
AL,M,0.1081
AL,M,0.1081
AG,M,0.1082
AG,M,0.1082
AG,M,0.1082
AG,M,0.1082
AG,F,0.1082
AG,F,0.1082
AG,F,0.1082
AG,M,0.1082
AL,F,0.1082
AL,F,0.1082
AL,M,0.1082
CQ,M,0.1082
CQ,M,0.1082
AG,F,0.1083
AG,M,0.1083
AG,M,0.1083
AG,F,0.1083
AG,M,0.1083
AL,F,0.1083
AL,F,0.1083
AL,M,0.1083
AL,F,0.1083
AG,M,0.1084
AG,F,0.1084
AG,F,0.1084
AG,M,0.1084
AG,M,0.1084
AG,M,0.1084
AL,M,0.1084
AL,F,0.1084
AL,M,0.1084
AL,M,0.1084
AL,M,0.1084
CQ,M,0.1084
CQ,M,0.1084
CQ,M,0.1084
CQ,F,0.1084
AG,M,0.1085
AG,M,0.1085
AG,M,0.1085
AL,M,0.1085
AL,M,0.1085
AL,F,0.1085
CQ,F,0.1085
CQ,UNK,0.1085
AG,F,0.1086
AG,M,0.1086
AG,F,0.1086
AG,M,0.1086
AG,F,0.1086
AG,M,0.1086
AL,F,0.1086
AL,M,0.1086
AL,M,0.1086
AL,F,0.1086
AL,M,0.1086
AL,M,0.1086
CQ,M,0.1086
CQ,F,0.1086
AG,F,0.1087
AG,F,0.1087
AL,M,0.1087
AL,F,0.1087
AL,M,0.1087
CQ,M,0.1087
CQ,M,0.1087
AL,M,0.1088
AL,F,0.1088
AL,M,0.1088
AL,M,0.1088
CQ,F,0.1088
AG,M,0.1089
AG,M,0.1089
AG,F,0.1089
AG,F,0.1089
AG,M,0.1089
AG,M,0.1089
AL,F,0.1089
AL,F,0.1089
CQ,M,0.1089
AG,F,0.109
AG,M,0.109
AG,F,0.109
AG,M,0.109
AG,M,0.109
AL,F,0.109
AL,M,0.109
AG,M,0.1091
AG,M,0.1091
AG,F,0.1091
AG,M,0.1091
AG,F,0.1091
AG,M,0.1091
AG,F,0.1091
AG,M,0.1091
AG,M,0.1091
AG,M,0.1091
AL,M,0.1091
AL,M,0.1091
AL,F,0.1091
AL,F,0.1091
CQ,F,0.1091
AG,F,0.1092
AG,M,0.1092
AG,M,0.1092
AG,M,0.1092
AG,F,0.1092
AG,M,0.1092
AG,F,0.1092
AG,F,0.1092
AL,M,0.1092
AL,M,0.1092
AL,M,0.1092
AL,M,0.1092
CQ,M,0.1092
CQ,F,0.1092
AG,M,0.1093
AG,F,0.1093
AG,M,0.1093
AG,M,0.1093
AG,F,0.1093
AG,M,0.1093
AG,F,0.1093
AL,F,0.1093
AL,M,0.1093
AL,F,0.1093
AL,M,0.1093
AL,M,0.1093
AL,M,0.1093
AL,M,0.1093
CQ,M,0.1093
CQ,M,0.1093
CQ,M,0.1093
CQ,M,0.1093
AG,F,0.1094
AG,M,0.1094
AG,M,0.1094
AG,M,0.1094
AG,M,0.1094
AG,F,0.1094
AL,F,0.1094
AL,M,0.1094
CQ,M,0.1094
AG,F,0.1095
AL,F,0.1095
AL,F,0.1095
AL,M,0.1095
AL,F,0.1095
AL,M,0.1095
AL,M,0.1095
CQ,M,0.1095
AG,M,0.1096
AG,F,0.1096
AG,M,0.1096
AG,F,0.1096
AG,F,0.1096
AL,M,0.1096
AL,M,0.1096
AL,M,0.1096
CQ,F,0.1096
CQ,M,0.1096
AG,M,0.1097
AG,M,0.1097
AG,F,0.1097
AG,M,0.1097
AG,M,0.1097
AG,M,0.1097
AL,F,0.1097
AL,M,0.1097
AL,M,0.1097
AL,M,0.1097
AL,M,0.1097
CQ,F,0.1097
CQ,M,0.1097
AG,M,0.1098
AG,F,0.1098
AG,F,0.1098
AL,M,0.1098
AL,M,0.1098
AL,M,0.1098
AL,M,0.1098
CQ,F,0.1098
AG,F,0.1099
AG,F,0.1099
AG,F,0.1099
AG,M,0.1099
AL,F,0.1099
AL,F,0.1099
AL,F,0.1099
CQ,F,0.1099
CQ,M,0.1099
CQ,M,0.1099
AG,F,0.11
AG,F,0.11
AG,M,0.11
AG,F,0.11
AL,F,0.11
AL,M,0.11
CQ,M,0.11
CQ,F,0.11
CQ,M,0.11
AG,F,0.1101
AG,F,0.1101
AG,M,0.1101
AG,M,0.1101
AG,F,0.1101
AG,F,0.1101
AL,M,0.1101
AL,F,0.1101
AL,M,0.1101
AL,M,0.1101
AL,M,0.1101
CQ,M,0.1101
AG,M,0.1102
AG,F,0.1102
AG,F,0.1102
AG,M,0.1102
AG,F,0.1102
AG,M,0.1102
AL,M,0.1102
AL,M,0.1102
AG,M,0.1103
AG,F,0.1103
AG,M,0.1103
AG,M,0.1103
AL,M,0.1103
AL,F,0.1103
AL,M,0.1103
AL,M,0.1103
AL,F,0.1103
CQ,M,0.1103
CQ,F,0.1103
CQ,M,0.1103
AG,M,0.1104
AG,M,0.1104
AL,M,0.1104
AL,M,0.1104
AL,M,0.1104
AL,M,0.1104
AL,M,0.1104
CQ,F,0.1104
AG,M,0.1105
AG,F,0.1105
AL,M,0.1105
AL,M,0.1105
AL,F,0.1105
AL,M,0.1105
CQ,F,0.1105
CQ,M,0.1105
CQ,F,0.1105
AG,F,0.1106
AG,F,0.1106
AL,M,0.1106
AL,M,0.1106
AL,M,0.1106
AL,F,0.1106
AL,M,0.1106
AL,M,0.1106
CQ,F,0.1106
CQ,F,0.1106
CQ,M,0.1106
CQ,M,0.1106
CQ,M,0.1106
AG,F,0.1107
AG,F,0.1107
AG,F,0.1107
AL,M,0.1107
AL,M,0.1107
AL,M,0.1107
CQ,M,0.1107
AG,M,0.1108
AG,F,0.1108
AG,M,0.1108
AL,F,0.1108
AL,F,0.1108
CQ,M,0.1108
CQ,M,0.1108
AG,UNK,0.1109
AG,M,0.1109
AL,M,0.1109
AL,F,0.1109
AL,M,0.1109
AL,F,0.1109
AL,M,0.1109
AG,M,0.111
AG,F,0.111
AL,F,0.111
AG,F,0.1111
AL,F,0.1111
AL,F,0.1111
CQ,M,0.1111
CQ,M,0.1111
CQ,F,0.1111
CQ,M,0.1111
AG,M,0.1112
AL,M,0.1112
AL,M,0.1112
CQ,F,0.1112
CQ,F,0.1112
CQ,M,0.1112
AG,F,0.1113
AL,M,0.1113
AL,M,0.1113
CQ,M,0.1113
AG,M,0.1114
AG,F,0.1114
AG,F,0.1114
AG,F,0.1114
AG,M,0.1114
AG,M,0.1114
AL,F,0.1114
AL,M,0.1114
AL,M,0.1114
CQ,M,0.1114
CQ,M,0.1114
AG,M,0.1115
AG,M,0.1115
AG,M,0.1115
AG,M,0.1115
AG,F,0.1115
AL,M,0.1115
CQ,M,0.1115
AG,M,0.1116
AG,M,0.1116
AG,M,0.1116
AL,M,0.1116
AL,M,0.1116
AL,F,0.1116
AL,M,0.1116
AL,F,0.1116
AL,M,0.1116
CQ,M,0.1116
AG,M,0.1117
AG,M,0.1117
AG,M,0.1117
AG,M,0.1117
AL,M,0.1117
AL,M,0.1117
CQ,F,0.1117
AG,F,0.1118
AG,M,0.1118
AG,F,0.1118
AG,F,0.1118
AG,M,0.1118
AG,M,0.1118
AG,F,0.1118
AL,F,0.1118
AL,M,0.1118
CQ,UNK,0.1118
CQ,M,0.1118
CQ,M,0.1118
AG,F,0.1119
AL,F,0.1119
CQ,M,0.1119
AG,M,0.112
AG,F,0.112
AG,F,0.112
AG,F,0.112
AG,F,0.112
AG,F,0.112
AG,M,0.112
AL,M,0.112
AL,F,0.112
CQ,M,0.112
AG,M,0.1121
AG,M,0.1121
AG,M,0.1121
CQ,F,0.1121
CQ,F,0.1121
AG,M,0.1122
AG,M,0.1122
AG,F,0.1122
AG,M,0.1122
AG,M,0.1122
AG,M,0.1122
AG,F,0.1122
AL,M,0.1122
AL,F,0.1122
AL,M,0.1122
AL,M,0.1122
CQ,M,0.1122
CQ,M,0.1122
AG,M,0.1123
AL,M,0.1123
AL,M,0.1123
AL,M,0.1123
AL,M,0.1123
AL,M,0.1123
CQ,F,0.1123
CQ,M,0.1123
AG,M,0.1124
AG,F,0.1124
AG,F,0.1124
AG,F,0.1124
AG,M,0.1124
AG,F,0.1124
AL,M,0.1124
AL,F,0.1124
CQ,M,0.1124
AG,M,0.1125
AL,M,0.1125
AL,F,0.1125
AL,M,0.1125
CQ,M,0.1125
AG,F,0.1126
AG,F,0.1126
AG,F,0.1126
AG,F,0.1126
AL,F,0.1126
AL,F,0.1126
AL,M,0.1126
AL,M,0.1126
AL,M,0.1126
AG,M,0.1127
AG,M,0.1127
AL,F,0.1127
AL,M,0.1127
CQ,M,0.1127
CQ,M,0.1127
AG,F,0.1128
AG,F,0.1128
AG,M,0.1128
AG,M,0.1128
AL,M,0.1128
AL,F,0.1128
AL,M,0.1128
AL,M,0.1128
AL,M,0.1128
AL,M,0.1128
CQ,M,0.1128
CQ,M,0.1128
AG,F,0.1129
AG,M,0.1129
AG,F,0.1129
AL,F,0.1129
CQ,M,0.1129
CQ,F,0.1129
CQ,M,0.1129
AG,F,0.113
AG,F,0.113
AG,F,0.113
AG,F,0.113
AG,M,0.113
AG,M,0.113
AL,M,0.113
AL,M,0.113
AL,F,0.113
CQ,M,0.113
CQ,M,0.113
AG,M,0.1131
AG,F,0.1131
AL,M,0.1131
AL,F,0.1131
AL,F,0.1131
AL,M,0.1131
CQ,M,0.1131
AG,F,0.1132
AG,F,0.1132
AG,M,0.1132
AG,M,0.1132
AL,F,0.1132
CQ,M,0.1132
CQ,M,0.1132
CQ,M,0.1132
CQ,F,0.1132
AG,M,0.1133
AG,F,0.1133
AG,F,0.1133
AL,F,0.1133
AL,M,0.1133
AL,M,0.1133
CQ,F,0.1133
CQ,F,0.1133
CQ,M,0.1133
AG,M,0.1134
AG,M,0.1134
AG,M,0.1134
AL,M,0.1134
CQ,F,0.1134
AG,F,0.1135
AG,M,0.1135
AG,M,0.1135
AG,M,0.1135
AG,M,0.1135
AL,M,0.1135
AL,F,0.1135
AL,M,0.1135
AL,M,0.1135
AL,M,0.1135
CQ,M,0.1135
AG,F,0.1136
AG,M,0.1136
AG,F,0.1136
AL,F,0.1136
AL,F,0.1136
AL,M,0.1136
CQ,F,0.1136
CQ,M,0.1136
CQ,M,0.1136
AG,M,0.1137
AG,F,0.1137
AL,M,0.1137
AL,M,0.1137
AL,F,0.1137
AG,M,0.1138
AG,F,0.1138
AG,M,0.1138
AG,M,0.1138
AG,M,0.1138
AL,M,0.1138
AL,F,0.1138
AL,M,0.1138
CQ,M,0.1138
CQ,M,0.1138
AG,F,0.1139
AG,F,0.1139
AG,M,0.1139
AL,M,0.1139
AL,F,0.1139
AL,F,0.1139
AL,M,0.1139
CQ,F,0.1139
CQ,M,0.1139
CQ,M,0.1139
AG,M,0.114
AG,M,0.114
AL,F,0.114
AL,M,0.114
CQ,M,0.114
AG,F,0.1141
AL,M,0.1141
AL,M,0.1141
CQ,M,0.1141
CQ,M,0.1141
AG,M,0.1142
AG,F,0.1142
AG,F,0.1142
AL,M,0.1142
AL,F,0.1142
AL,F,0.1142
AG,M,0.1143
AG,F,0.1143
AG,M,0.1143
AG,F,0.1143
AG,M,0.1143
AL,M,0.1143
AL,M,0.1143
AL,M,0.1143
AG,M,0.1144
AG,F,0.1144
AG,F,0.1145
AG,M,0.1145
AG,F,0.1145
AG,M,0.1145
AL,F,0.1145
AL,M,0.1145
AL,F,0.1145
AL,M,0.1145
CQ,M,0.1145
AG,M,0.1146
AG,M,0.1146
AG,F,0.1146
AG,F,0.1146
AG,M,0.1146
AG,F,0.1146
AL,F,0.1146
AL,M,0.1146
AL,F,0.1146
AL,M,0.1146
AG,F,0.1147
AG,F,0.1147
AG,M,0.1147
AG,M,0.1147
AL,M,0.1147
AL,M,0.1147
AL,M,0.1147
CQ,M,0.1147
CQ,F,0.1147
AG,M,0.1148
AG,M,0.1148
AG,M,0.1148
AG,F,0.1148
AL,F,0.1148
CQ,M,0.1148
AG,M,0.1149
AG,F,0.1149
AG,M,0.1149
AG,M,0.1149
AG,F,0.1149
AG,F,0.1149
AL,F,0.1149
AL,M,0.1149
AL,M,0.1149
AL,M,0.1149
CQ,F,0.1149
CQ,M,0.1149
AG,F,0.115
AG,F,0.115
AG,F,0.115
AG,F,0.115
AG,M,0.115
AG,F,0.115
AL,M,0.115
AL,F,0.115
AG,M,0.1151
AG,F,0.1151
AG,M,0.1151
AG,F,0.1151
AG,M,0.1151
AL,M,0.1151
AL,F,0.1151
AL,M,0.1151
CQ,F,0.1151
CQ,F,0.1151
CQ,M,0.1151
AG,F,0.1152
AL,F,0.1152
AL,M,0.1152
AL,M,0.1152
CQ,M,0.1152
AG,F,0.1153
AG,M,0.1153
AG,F,0.1153
AG,F,0.1153
AL,F,0.1153
AL,M,0.1153
AL,F,0.1153
AL,F,0.1153
CQ,F,0.1153
AG,M,0.1154
AG,F,0.1154
AG,F,0.1154
AG,F,0.1154
CQ,M,0.1154
AG,M,0.1155
AG,M,0.1155
AG,F,0.1155
AG,F,0.1155
AG,M,0.1155
AG,F,0.1155
AG,F,0.1155
AL,M,0.1155
AL,M,0.1155
AL,M,0.1155
AL,M,0.1155
CQ,M,0.1155
AG,M,0.1156
AG,F,0.1156
AG,M,0.1156
AG,F,0.1156
AL,F,0.1156
AL,M,0.1156
AL,M,0.1156
AL,M,0.1156
AL,F,0.1156
CQ,M,0.1156
AG,M,0.1157
AG,F,0.1157
AG,F,0.1157
AL,M,0.1157
AL,M,0.1157
CQ,M,0.1157
AG,F,0.1158
AG,F,0.1158
AL,F,0.1158
AL,F,0.1158
AL,F,0.1158
CQ,M,0.1158
CQ,M,0.1158
CQ,M,0.1158
AG,F,0.1159
AG,M,0.1159
AG,F,0.1159
AG,M,0.1159
AL,M,0.1159
CQ,M,0.1159
CQ,M,0.1159
AG,M,0.116
AG,F,0.116
AG,M,0.116
AG,F,0.116
AG,F,0.116
AG,F,0.116
AG,F,0.116
AL,M,0.116
CQ,M,0.116
AG,F,0.1161
AG,M,0.1161
AG,F,0.1161
AG,F,0.1161
AG,F,0.1161
CQ,F,0.1161
AG,M,0.1162
AG,M,0.1162
AG,M,0.1162
AG,F,0.1162
AG,F,0.1162
AG,F,0.1162
AG,F,0.1162
AL,F,0.1162
AL,F,0.1162
AL,F,0.1162
AG,F,0.1163
AG,M,0.1163
CQ,F,0.1163
AG,M,0.1164
AG,M,0.1164
AG,M,0.1164
AL,M,0.1164
AL,F,0.1164
AL,F,0.1164
CQ,M,0.1164
AG,M,0.1165
AG,F,0.1165
AG,M,0.1165
AG,F,0.1165
AG,F,0.1165
AG,F,0.1165
AG,M,0.1165
AG,M,0.1165
AG,M,0.1165
CQ,M,0.1165
CQ,F,0.1165
AG,F,0.1166
AG,F,0.1166
AG,F,0.1166
AL,M,0.1166
AL,M,0.1166
AL,F,0.1166
AL,M,0.1166
AL,F,0.1166
CQ,F,0.1166
AG,F,0.1167
AG,M,0.1167
AG,M,0.1167
AG,M,0.1167
AL,M,0.1167
AL,F,0.1167
CQ,F,0.1167
AG,F,0.1168
AL,M,0.1168
AL,F,0.1168
AL,M,0.1168
AL,F,0.1168
CQ,M,0.1168
AG,M,0.1169
AL,F,0.1169
AL,F,0.1169
AG,F,0.117
AG,F,0.117
AG,F,0.117
CQ,M,0.117
CQ,M,0.117
CQ,M,0.117
CQ,M,0.117
CQ,M,0.117
AG,F,0.1171
AG,F,0.1171
AL,M,0.1171
CQ,M,0.1171
AG,M,0.1172
AG,F,0.1172
AG,M,0.1172
AG,F,0.1172
AL,M,0.1172
AL,F,0.1172
CQ,F,0.1172
AG,M,0.1173
AL,F,0.1173
CQ,M,0.1173
CQ,F,0.1173
CQ,M,0.1173
AG,F,0.1174
AG,M,0.1174
AL,F,0.1174
AL,M,0.1174
CQ,F,0.1174
CQ,F,0.1174
AG,M,0.1175
AG,F,0.1175
AG,M,0.1175
AG,F,0.1175
AG,M,0.1175
AL,M,0.1175
AL,M,0.1175
CQ,M,0.1175
AG,M,0.1176
AG,F,0.1176
AG,F,0.1176
AL,F,0.1176
AL,M,0.1176
CQ,F,0.1176
CQ,M,0.1176
AG,F,0.1177
AG,M,0.1177
AG,F,0.1177
AL,M,0.1177
AL,M,0.1177
AL,M,0.1177
CQ,M,0.1177
AG,F,0.1178
AG,M,0.1178
AG,M,0.1178
AG,F,0.1178
AL,F,0.1178
AL,F,0.1178
CQ,F,0.1178
AG,M,0.1179
AG,M,0.1179
AG,M,0.1179
AL,M,0.1179
AL,M,0.1179
AL,M,0.118
CQ,M,0.118
CQ,M,0.118
CQ,F,0.118
AG,M,0.1181
AL,F,0.1181
AG,M,0.1182
AG,M,0.1182
AG,F,0.1182
AG,F,0.1182
CQ,M,0.1182
AG,M,0.1183
AL,F,0.1183
CQ,F,0.1183
CQ,F,0.1183
AG,M,0.1184
AL,F,0.1184
AL,F,0.1184
AG,M,0.1185
AG,M,0.1185
AG,F,0.1185
AG,F,0.1185
AL,F,0.1185
AL,F,0.1185
AG,M,0.1186
AG,F,0.1186
AG,M,0.1186
AL,M,0.1186
AL,F,0.1186
CQ,M,0.1186
CQ,M,0.1186
CQ,F,0.1186
CQ,M,0.1186
AG,M,0.1187
AG,F,0.1187
AG,F,0.1187
AG,M,0.1187
CQ,F,0.1187
CQ,F,0.1187
AG,F,0.1188
AG,M,0.1188
AL,UNK,0.1188
CQ,F,0.1188
CQ,M,0.1188
AG,M,0.1189
AG,M,0.1189
AG,M,0.1189
AG,M,0.1189
AG,F,0.1189
AG,M,0.1189
CQ,M,0.1189
CQ,F,0.1189
CQ,M,0.1189
AG,UNK,0.119
AG,F,0.119
AG,F,0.119
AG,F,0.119
AG,F,0.119
AL,M,0.119
AL,M,0.119
AL,M,0.119
AG,M,0.1191
AG,F,0.1191
AG,F,0.1191
AL,F,0.1191
AL,M,0.1191
CQ,M,0.1191
AG,F,0.1192
AG,M,0.1192
AG,M,0.1192
AL,F,0.1192
CQ,M,0.1192
AG,M,0.1194
AG,F,0.1194
AG,F,0.1194
AL,F,0.1194
AL,M,0.1194
CQ,M,0.1194
CQ,M,0.1194
AL,M,0.1195
AL,F,0.1195
CQ,F,0.1195
CQ,M,0.1195
AG,M,0.1196
AG,F,0.1196
AL,M,0.1196
AL,M,0.1196
CQ,M,0.1196
AG,M,0.1197
AG,F,0.1197
AG,F,0.1197
CQ,M,0.1197
CQ,M,0.1197
AG,F,0.1198
AG,F,0.1198
AL,M,0.1198
AL,M,0.1198
AG,F,0.1199
AG,F,0.1199
CQ,F,0.1199
AG,F,0.12
AG,F,0.12
AG,F,0.12
AG,F,0.12
AG,F,0.12
AG,F,0.1201
AG,F,0.1201
AL,F,0.1201
AG,F,0.1202
AG,F,0.1202
AG,F,0.1202
AG,F,0.1202
AL,F,0.1202
CQ,M,0.1202
AG,M,0.1203
AG,M,0.1203
CQ,F,0.1203
CQ,M,0.1203
AG,F,0.1204
AG,F,0.1204
CQ,F,0.1204
CQ,M,0.1204
AG,F,0.1205
AG,F,0.1205
AG,F,0.1205
AL,M,0.1205
AG,F,0.1206
AG,F,0.1206
CQ,M,0.1206
AG,M,0.1207
AG,F,0.1207
CQ,M,0.1207
CQ,M,0.1207
AL,M,0.1208
AL,F,0.1208
AL,F,0.1208
CQ,M,0.1208
AG,F,0.1209
AL,M,0.1209
CQ,M,0.1209
CQ,M,0.1209
AG,F,0.121
AL,M,0.121
AL,M,0.121
CQ,M,0.121
CQ,M,0.121
AG,M,0.1211
AG,F,0.1211
AL,F,0.1211
AL,M,0.1211
AG,F,0.1212
CQ,F,0.1212
AG,M,0.1213
AL,M,0.1213
AL,M,0.1213
AL,M,0.1213
CQ,F,0.1213
CQ,F,0.1214
CQ,M,0.1214
AG,F,0.1215
AG,F,0.1215
AL,F,0.1215
AL,M,0.1215
CQ,F,0.1215
CQ,F,0.1215
CQ,M,0.1215
CQ,M,0.1215
CQ,M,0.1215
CQ,M,0.1215
CQ,F,0.1215
CQ,M,0.1215
AG,F,0.1216
CQ,M,0.1216
CQ,F,0.1216
AG,M,0.1217
AG,M,0.1217
AG,F,0.1217
AG,M,0.1217
AG,F,0.1217
AL,F,0.1217
CQ,M,0.1217
CQ,M,0.1217
AG,M,0.1218
AG,F,0.1218
AG,F,0.1218
AG,F,0.1218
AG,F,0.1218
AG,F,0.1218
AL,F,0.1218
AL,F,0.1218
CQ,F,0.1218
CQ,M,0.1218
CQ,M,0.1218
AG,M,0.1219
AG,F,0.1219
AG,M,0.1219
AG,F,0.1219
AG,M,0.122
AG,F,0.122
CQ,F,0.122
CQ,M,0.122
AG,F,0.1221
AL,F,0.1221
CQ,M,0.1221
AG,F,0.1222
AG,F,0.1222
AG,F,0.1222
CQ,M,0.1222
CQ,M,0.1222
CQ,M,0.1222
AL,F,0.1223
AG,F,0.1224
AG,M,0.1224
AG,F,0.1224
AG,F,0.1224
CQ,M,0.1224
AG,M,0.1225
AG,F,0.1225
AG,M,0.1225
AL,F,0.1225
CQ,F,0.1225
CQ,M,0.1225
CQ,M,0.1225
AG,F,0.1226
AL,M,0.1226
CQ,F,0.1227
CQ,M,0.1227
CQ,M,0.1227
AG,F,0.1228
AG,F,0.1228
AG,F,0.1228
AG,F,0.1228
AG,F,0.1228
AG,M,0.1229
AG,F,0.1229
AG,F,0.1229
AG,F,0.1229
AG,F,0.1229
AL,F,0.1229
AG,F,0.123
AG,F,0.123
AG,M,0.1231
AG,F,0.1231
AL,F,0.1231
CQ,M,0.1231
CQ,M,0.1231
CQ,M,0.1231
AG,F,0.1232
AL,F,0.1232
CQ,M,0.1232
CQ,M,0.1233
CQ,M,0.1233
CQ,F,0.1234
CQ,UNK,0.1234
AL,F,0.1235
AL,F,0.1235
AL,F,0.1235
CQ,M,0.1235
AG,M,0.1236
AG,F,0.1236
CQ,F,0.1236
CQ,M,0.1236
CQ,M,0.1236
AG,M,0.1237
AG,F,0.1237
AL,F,0.1237
CQ,F,0.1237
CQ,M,0.1237
AG,F,0.1238
AL,F,0.1238
CQ,UNK,0.1238
AG,M,0.1239
CQ,F,0.1239
AG,F,0.124
AG,F,0.124
AG,F,0.124
AG,F,0.124
CQ,M,0.124
CQ,M,0.124
AG,F,0.1241
AG,F,0.1241
AL,M,0.1241
AL,F,0.1241
CQ,F,0.1241
AG,F,0.1242
AG,F,0.1242
CQ,M,0.1242
AG,F,0.1243
AG,F,0.1243
AL,M,0.1243
CQ,M,0.1243
AG,F,0.1244
AG,F,0.1244
CQ,F,0.1244
AG,F,0.1245
AG,F,0.1246
AG,F,0.1247
AG,F,0.1247
CQ,M,0.1247
AG,F,0.1249
CQ,F,0.1249
CQ,M,0.1249
AG,F,0.125
AG,F,0.125
CQ,M,0.125
AG,F,0.1251
AG,F,0.1251
AL,M,0.1251
CQ,M,0.1251
CQ,F,0.1251
CQ,M,0.1251
AG,F,0.1252
AL,M,0.1252
AL,M,0.1252
AL,F,0.1252
AL,F,0.1252
AL,F,0.1252
AL,F,0.1252
CQ,M,0.1252
CQ,F,0.1252
AG,F,0.1253
AL,F,0.1253
CQ,M,0.1254
AL,F,0.1255
CQ,M,0.1255
CQ,F,0.1255
CQ,F,0.1255
AG,F,0.1256
AG,F,0.1256
CQ,F,0.1256
AL,F,0.1257
CQ,M,0.1257
CQ,M,0.1257
AG,F,0.1258
CQ,F,0.1258
CQ,F,0.1258
CQ,M,0.1258
AG,F,0.1259
AL,F,0.1259
AL,F,0.1259
CQ,M,0.1259
CQ,F,0.1259
AG,F,0.126
AG,F,0.126
AG,F,0.126
AG,F,0.126
CQ,M,0.126
CQ,M,0.126
AG,F,0.1261
AG,F,0.1261
CQ,M,0.1261
AL,F,0.1262
CQ,F,0.1262
CQ,F,0.1263
CQ,F,0.1263
CQ,M,0.1263
AG,F,0.1264
AG,F,0.1264
AG,F,0.1264
AG,F,0.1264
AG,F,0.1264
CQ,M,0.1264
CQ,M,0.1264
AG,F,0.1265
CQ,M,0.1265
AG,F,0.1266
CQ,M,0.1266
AG,F,0.1267
AG,F,0.1267
AL,F,0.1267
CQ,F,0.1267
CQ,F,0.1268
CQ,F,0.1268
AG,F,0.1269
AG,F,0.1269
AG,F,0.1269
AL,F,0.1269
CQ,M,0.1269
AG,F,0.127
CQ,M,0.127
CQ,M,0.127
AG,F,0.1271
AG,F,0.1271
AG,F,0.1271
AL,F,0.1271
CQ,M,0.1271
AG,F,0.1272
AG,F,0.1273
AG,F,0.1273
AG,F,0.1273
AL,F,0.1273
CQ,M,0.1273
AG,F,0.1275
CQ,UNK,0.1275
CQ,M,0.1275
CQ,F,0.1275
AG,F,0.1276
CQ,F,0.1276
AG,F,0.1277
AG,F,0.1278
CQ,M,0.1278
AG,F,0.1279
AG,F,0.1279
CQ,M,0.1279
CQ,M,0.1279
AG,F,0.128
CQ,M,0.128
CQ,M,0.128
AG,F,0.1281
AG,F,0.1281
AG,F,0.1281
CQ,M,0.1281
AG,F,0.1282
AG,F,0.1282
AL,F,0.1283
CQ,M,0.1283
AG,F,0.1284
CQ,M,0.1284
CQ,M,0.1285
CQ,F,0.1285
CQ,M,0.1285
AG,F,0.1286
AG,F,0.1286
AG,F,0.1286
AG,F,0.1286
CQ,M,0.1286
CQ,F,0.1286
AG,F,0.1287
CQ,M,0.1287
CQ,M,0.1287
AG,F,0.1288
CQ,UNK,0.1288
CQ,M,0.1288
AG,F,0.1289
CQ,M,0.1289
CQ,F,0.1289
CQ,F,0.1289
CQ,F,0.1289
AG,F,0.129
AG,F,0.129
AG,F,0.1291
AG,F,0.1291
AL,F,0.1291
CQ,M,0.1291
AG,F,0.1292
CQ,M,0.1292
AG,F,0.1293
CQ,M,0.1294
CQ,F,0.1295
AL,F,0.1297
CQ,F,0.1297
AG,F,0.1298
AG,F,0.1298
AG,F,0.1298
CQ,M,0.1299
AG,F,0.13
CQ,M,0.13
AG,F,0.1301
CQ,M,0.1302
CQ,M,0.1302
AG,F,0.1303
AG,F,0.1304
CQ,M,0.1304
CQ,M,0.1304
AG,F,0.1305
AG,F,0.1305
AG,F,0.1305
AG,F,0.1305
AG,F,0.1305
AG,F,0.1306
AG,F,0.1307
CQ,M,0.1307
AG,F,0.1308
AG,F,0.1308
AG,F,0.1308
CQ,M,0.1309
CQ,M,0.131
CQ,M,0.1311
CQ,M,0.1311
AG,F,0.1312
AG,F,0.1312
AG,F,0.1312
AG,F,0.1312
CQ,F,0.1313
AG,F,0.1314
AG,F,0.1314
CQ,M,0.1314
CQ,M,0.1314
CQ,M,0.1315
AG,F,0.1316
CQ,M,0.1316
CQ,M,0.1316
CQ,M,0.1316
CQ,F,0.1317
CQ,F,0.1317
CQ,M,0.1318
AG,F,0.1319
AG,F,0.1319
AG,F,0.132
CQ,F,0.1321
CQ,M,0.1322
CQ,M,0.1323
CQ,F,0.1323
AG,F,0.1324
AG,F,0.1324
CQ,F,0.1324
CQ,M,0.1324
CQ,F,0.1324
CQ,F,0.1324
CQ,M,0.1325
AG,F,0.1326
CQ,F,0.1327
CQ,M,0.1327
AG,F,0.1328
CQ,M,0.1328
AG,F,0.1329
AG,F,0.1329
CQ,M,0.1329
AG,F,0.133
AG,F,0.133
AG,F,0.1332
CQ,M,0.1332
AG,F,0.1333
CQ,M,0.1333
CQ,F,0.1333
AG,F,0.1334
AG,F,0.1334
CQ,M,0.1334
CQ,F,0.1334
AG,F,0.1336
CQ,M,0.1336
AG,F,0.1337
AG,F,0.1338
AG,F,0.1338
CQ,M,0.1339
CQ,M,0.1339
AG,F,0.134
CQ,M,0.134
CQ,F,0.134
AG,F,0.1341
CQ,M,0.1341
CQ,M,0.1341
AG,F,0.1342
CQ,M,0.1343
AG,F,0.1344
CQ,M,0.1344
CQ,F,0.1345
CQ,M,0.1345
AG,F,0.1346
AG,F,0.1347
AG,F,0.1348
CQ,F,0.1348
CQ,M,0.1349
AG,F,0.135
AG,F,0.1351
AG,F,0.1351
AG,F,0.1351
AG,F,0.1352
CQ,M,0.1352
CQ,F,0.1352
CQ,M,0.1352
AG,F,0.1353
AG,F,0.1354
CQ,M,0.1354
AG,F,0.1355
AG,F,0.1356
CQ,M,0.1356
CQ,F,0.1356
AG,F,0.1357
CQ,M,0.1359
CQ,M,0.1359
CQ,M,0.136
AG,F,0.1361
CQ,F,0.1361
CQ,M,0.1361
CQ,M,0.1362
AG,F,0.1363
CQ,M,0.1363
CQ,F,0.1364
AG,F,0.1365
AG,F,0.1365
AG,F,0.1365
AG,F,0.1365
CQ,M,0.1367
CQ,M,0.1367
AG,F,0.1369
AG,F,0.1369
CQ,M,0.137
AG,F,0.1371
CQ,M,0.1371
CQ,M,0.1371
CQ,F,0.1371
CQ,M,0.1372
CQ,M,0.1372
CQ,M,0.1373
AG,F,0.1374
CQ,F,0.1374
AG,F,0.1378
CQ,M,0.1378
CQ,F,0.1378
CQ,M,0.138
CQ,M,0.1381
AG,F,0.1382
AG,F,0.1383
CQ,M,0.1383
CQ,M,0.1384
AG,F,0.1385
CQ,M,0.1385
CQ,M,0.1385
AG,F,0.1386
CQ,M,0.1387
CQ,M,0.1387
AG,F,0.139
AG,F,0.139
CQ,M,0.139
CQ,F,0.1391
CQ,M,0.1392
CQ,F,0.1392
CQ,F,0.1393
CQ,F,0.1395
CQ,M,0.1396
CQ,M,0.1397
CQ,F,0.1397
CQ,M,0.1399
CQ,M,0.1399
CQ,M,0.14
AG,F,0.1401
AG,F,0.1402
CQ,M,0.1402
CQ,UNK,0.1402
CQ,M,0.1404
CQ,M,0.1404
AG,F,0.1406
CQ,M,0.1406
AG,F,0.1407
AL,F,0.1407
CQ,M,0.1409
CQ,UNK,0.1409
AG,F,0.141
CQ,M,0.1411
CQ,M,0.1413
CQ,M,0.1417
CQ,M,0.1419
AG,F,0.1421
CQ,M,0.1422
CQ,M,0.1424
CQ,M,0.1427
AG,F,0.1431
CQ,M,0.1431
CQ,M,0.1434
AG,F,0.144
CQ,F,0.1441
CQ,M,0.1445
CQ,M,0.1448
AG,F,0.1449
CQ,M,0.1449
AG,F,0.1456
CQ,M,0.1457
CQ,M,0.1468
CQ,M,0.1473
CQ,F,0.1477
CQ,M,0.1503
CQ,F,0.1534
CQ,F,0.176
